Laboratórios, Alg. Avançados, Biologia Sistemas,Média
12.0,16.0,17.0,15.0
17.0,16.0,,16.5
,18.0,18.0,18.0
16.0,,18.0,17.0
14.0,17.0,12.0,14.333333333333334
19.0,18.0,20.0,19.0
16.0,14.0,12.0,14.0
,15.0,12.0,13.5
15.0,15.0,14.0,14.666666666666666
16.0,15.0,18.0,16.333333333333332
